username,method,country,addition
f.xrnnn,"caption,caption from recent post",TH,
mon_salon25,caption from recent post,TH,
nareumonupiri,caption,TH,
poo_in,caption,TH,
glom_chaiyapong,comment on recent post,TH,
subinchai.alisa.may,"caption,bio,caption from recent post",TH,
teyy1253,"caption,caption from recent post",TH,
emmy_exsodice,"caption,caption from recent post",TH,
mmm9566,"bio,name,caption from recent post",TH,
zpqas20,"caption,name",TH,
suksunchinrungruang,"caption,caption from recent post",TH,
suphaamuun,"caption,caption from recent post",TH,
psann1104,"caption,caption from recent post",TH,
noksanfran,"caption,caption from recent post",TH,
baansuan_laddawan,"name,caption from recent post",TH,
earthyt_24,"caption,bo",TH,
opxr_tc,"caption,caption from recent post",TH,
surasiang.s,caption from recent post,TH,
kitti_ng,"caption,caption from recent post",TH,
sansuwanwong,caption from recent post,TH,
boeing_onc,"caption,caption from recent post",TH,
mameaw_2121,caption from recent post,TH,
tony_gems,"caption,caption from recent post",TH,
tony9913,"caption,caption from recent post",TH,same girl as above
hutbassplayer,"caption,caption from recent post",TH,
ploy0620476718,"caption,caption from recent post",TH,
aomsine_nipapan,"caption,caption from recent post",TH,
nuaunuart_au,"caption,caption from recent post",TH,
phapada_05,"caption,caption from recent post",TH,
diamond_man2021,"caption,caption from recent post",TH,
go.tothailand,"caption,bio",French,
_surayod,"caption,caption from recent post",TH,
rolling._.potato,bio,Korea,caption contains thai lang but bio said from kr
tikohyah,"caption,caption from recent post",TH,
je.1313,"caption,name,caption from recent post",TH,
cherr_y2576,"caption,name,bio",TH,
ekkamai3,"caption,bio",TH,
tukky66,"caption,bio",TH,
americanthaiguy,"caption,name,bio",TH,
djrasvosty,,UNKNOWN,caption in eng