username,caption ,comment ,bio ,name,other posts caption ,other posts comment,location frequency,method,country,addition,
sheep__420,,,,1,1,1,,"name,other posts caption,other posts comment",China,,
kaiwa_tan,,1,1,,,,,"caption,bio",Thailand,,
itsmelooknam,1,,,,1,1,,"caption,other posts caption,other posts comment",Thailand,,
nesa_tok,1,1,,,1,1,,"caption,comment,other posts caption,other posts comment",Thailand,,
hmee4554,,,,1,1,,,"name,other posts caption",Thailand,,
erica88888888,1,1,1,,1,1,,"caption,comment,bio,other posts caption,other posts comment",Korea,,
watchareeyadou,,,,1,1,,,"name,other posts caption",Thailand,,
seungweon3383,1,,,,1,1,,"caption,other posts caption,other posts comment",Korea,,
modernmax,1,1,,,1,1,,"caption,comment,other posts caption,other posts comment",Thailand,,
krittkatae,,1,,,1,1,,"comment,other posts caption,other posts comment",Thailand,,
beblue1204,1,,,1,1,1,,"caption,name,other posts caption,other posts comment",Thailand,,
nita.lunar.beauty.5624,1,,1,1,1,1,,"caption,bio,name,other posts caption,other posts name",Thailand,,
jobjarawee,1,,,,1,1,,"caption,other posts caption,other posts comment",Thailand,,
mild_supaniess,1,,1,,1,1,,"caption,bio,other posts caption,other posts comment",Thailand,,
k.wannasuth,,,,,1,,,other posts caption,Thailand,,
varnitnukul,,,,,,,1,location frequency,Thailand,no comment, no caption
noibandit,1,,,,1,,,"caption,other posts caption",Thailand,,
sata_kung56,1,,,,1,1,,"caption,other posts caption,other posts comment",Thailand,,
iqqnawarat,1,,,,1,1,,"caption,other posts caption,other posts comment",Thailand,,
noschannari,,,1,,1,1,,"bio,other posts caption,other posts comment",Thailand,,
k.hathaiphat,,,,,1,1,,"other posts caption,other posts comment",Thailand,,
paoto_ok,,,1,,1,1,1,"bio,other posts caption,other posts comment,location frequency",Thailand,,
scho.sitahibabe,,,,,1,1,1,"other posts caption,other posts comment,location frequency",Thailand,,
natashawandersoff,,,,,,,1,location frequency,United State,,
nongnui1919,1,,,,1,,,"caption,other posts caption",Thailand,,
ืีืnunatp,,,,,1,1,,"other posts caption,other posts comment",Thailand,,
ptwwwww,1,1,,,1,1,,"caption,comment,other posts caption,other posts comment",Thailand,,
khun_konggg,1,,,,1,1,,"caption,other posts caption,other posts comment",Thailand,,
cmyxspirit,1,,,,1,1,,"caption,other posts caption,other posts comment",Thailand,,
dear_dk,1,,1,,1,1,,"caption,bio,other posts caption,other posts comment",Thailand,,
lo_panarat,,,1,,1,1,,"bio,other posts caption,other posts comment",Thailand,,
cm_earth,1,,,,1,,,"caption,other posts caption",Thailand,,
ingnaaykham,,1,,,1,1,,"comment,other posts caption,other posts comment",Thailand,,
pirawansansuk,1,,1,,1,1,,"caption,bio,other posts caption,other posts comment",Thailand,,
pui_swb,,,,,1,1,,"other posts caption,other posts comment",Thailand,,
kenji.5599,1,,1,1,1,1,,"caption,bio,name,other posts caption,other posts comment",Japan,,
juislick,,1,,,1,1,,"comment,other posts caption,other posts comment",Thailand,,
ou5y7._.bkr,1,,1,,1,1,,"caption,bio,other posts caption,other posts comment",Thailand,,
carrot_aongkan,1,,,,1,1,,"caption,other posts caption,other posts comment",Thailand,,
piya__u,1,,,,1,1,,"caption,other posts caption,other posts comment",Thailand,,
chm0616,,,1,1,1,1,,"bio,name,other posts caption,other posts comment",China,,
beerkritsadapat,1,1,1,,1,1,,"caption,comment,bio,other posts caption,other posts comment",Thailand,,
paooooooooo,1,,,,1,1,,"caption,other posts caption,other posts comment",Thailand,,
anantippimpawa,,,,,1,,1,"other posts caption,location frequency",Thailand,,
harinpatrickbilley,,,1,,1,1,,"bio,other posts caption,other posts comment",Thailand,,
musashiden01,1,,,1,1,,,"caption,name,other posts caption",Thailand,,
niminimi_9898,,,,,1,1,,"other posts caption,other posts comment",Vietnam,,
udomnaew,,,,,1,,,other posts caption,Thailand,,
bank_thanakorn_sripid,1,,,,1,1,,"caption,other posts caption,other posts comment",Thailand,,
ada_decemb,,,,1,1,1,,"name,other posts caption,other posts comment",Thailand,,
oil_opa,,1,,,,1,,"comment,other posts comment",Thailand,,
octor1,1,,,,1,,,"caption,other posts caption",Thailand,,
som281234,1,,,,1,1,,"caption,other posts caption,other posts comment",Thailand,,
khajeeratkhanom,1,,,,1,1,,"caption,other posts caption,other posts comment",Thailand,,
nutty_007,1,1,,,1,1,,"caption,comment,other posts caption,other posts comment",Thailand,,
newningnong,,1,,,1,1,,"comment,other posts caption,other posts comment",Thailand,,
koopeekoi,1,,1,,1,1,,"caption,bio,other posts caption,other posts comment",Thailand,,
tay_penchan,1,,,,1,,,"caption,other posts caption",Thailand,,
pannipannii,1,,,,1,1,,"caption,other posts caption,other posts comment",Thailand,,
tunyong_bie,1,,,1,1,1,,"caption,name,other posts caption,other posts comment",Thailand,,
mamemakham,1,1,,,1,1,,"caption,comment,other posts caption,other posts comment",Thailand,,
chartchirdchaikul,1,,,,1,1,,"caption,other posts caption,other posts comment",Thailand,,
napolitant,,,,,1,1,,"other posts caption,other posts comment",Thailand,,
pongkb383,1,1,1,1,1,1,,"caption,comment,bio,name,other posts caption,other posts comment",Thailand,,
rungmit,,,,,1,1,,"other posts caption,other posts comment",Thailand,,
pasindukithmina,,,,,,,,,UNKNOWN,caption and comment in english,
mookky_pooh,1,,,,1,1,,"caption,other posts caption,other posts comment",Thailand,,
jaegyeong_ma,1,1,,1,1,1,,"caption,comment,name,other posts caption,other posts comment",Korea,,
veronica_ashtanga,1,,,,1,1,,"caption,other  posts caption,other posts comment",Korea,caption and comment in english too,
juliekocool,1,1,,,1,1,,"caption,comment,other posts caption, other posts comment",China,,
yj__sung,1,,1,,1,1,,"caption,bio,other posts caption,other posts comment",Korea,,
ggeudin,1,,,,1,1,,"caption,other posts caption,other posts comment",France,,
filmwps,1,1,,,1,1,,"caption,comment,other posts caption,other posts comment",Thailand,,
august_diva,1,,,,1,1,,"caption,other posts caption,other posts comment",Thailand,,
ton_ekabhop,,1,,,1,1,,"comment,other posts caption,other posts comment",Thailand,,
bluestomato,,,,,1,1,,"other posts caption,other posts comment",Thailand,,
supannee_fai,,,,,,1,,other posts comment,Thailand,,
__wanwela,1,,,,1,,,"caption,other posts caption",Thailand,,
julygardenthai,,,1,,1,1,,"bio,other posts caption,other posts comment",China,,
nourishnutra,,,,,,,,,UNKNOWN,caption in english,
tishaloodlok,1,,,,1,1,,"caption,other posts caption,other posts comment",Thailand,,
travelwelljo,,,,,,,,,UNKNOWN,caption in english and travel company,
chang.enwei,1,,,1,1,,,"caption,name,other posts caption",China,,
katerina.fiadziuk,,,,,,1,,other posts comment,Russia,,
authorbhuban,,,,,,,,,UNKNOWN,caption in english,
3ennnnnnnn,,,,,,1,,other posts comment,Thailand,,
citraprima,1,1,,,1,1,,"caption,comment,other posts caption,other posts comment",Indonesia,,
fredvantpadje,,,,,1,,,,Holland,,
kukanov_andrey,,,,,,,,,UNKNOWN,,
khanyawanit,,,,,1,1,,"other posts caption,other posts comment",Thailand,,
beau_dkm,1,,,,1,1,,"caption,other posts caption,other posts comment",Thailand,,
yawvaneeboonsri,1,,,,1,,,"caption,other posts caption",Thailand,,
canapedelapey,1,,,1,1,,,"caption,name,other posts caption",Thailand,,
aim.patchara,1,,,,1,1,,"caption,other posts caption,other posts comment",Thailand,,
nannarin69,1,,,1,1,,,"caption,name,other posts caption",Thailand,,
ratripirinchin,1,,,,1,,,"caption,other posts caption",Thailand,,
sukanya_annita,1,,,,1,,,"caption,other posts caption",Thailand,,
atomremix,1,,1,1,1,1,,"caption,bio,name,other posts caption,other posts comment",Thailand,,
thanakon.sodnam,1,,,,1,,,"caption,other posts caption",Thailand,,
naraknoonam,1,,,,1,1,,"caption,other posts caption,other posts comment",Thailand,,
p.nongluck,,,,,1,1,,"other posts caption,other posts comment",Thailand,,
sngkraantecchtniphathth,1,,,1,1,,,"caption,name,other posts caption",Thailand,,
prawnapa3443,1,,,,1,1,,"caption,other posts caption,other posts comment",Thailand,,
mimiintz,,,1,,1,1,,"bio,other posts caption,other posts comment",Thailand,,
engineduuen_m,1,,,1,,1,,"caption,other posts caption",Thailand,,
wivhien,1,,,,1,,,"caption,other posts caption",Thailand,,
kea3_0,1,,,1,1,,,"caption,name,other posts caption",Thailand,,
mwiee,,,,,1,1,,"other posts caption,other posts comment",Thailand,,
pagne_cham,1,,,,1,,,"caption,other posts caption",Thailand,,
tongpliew,1,1,,1,1,1,,"caption,comment,name,other posts caption,other posts comment",Thailand,,
irda_irda.s,,,,,1,1,,"other posts caption,other posts comment",Thailand,,
rose_chomjun.3533,1,,,1,1,,,"caption,name,other posts caption",Thailand,,
tang_pk,1,,,,1,1,,"caption,other 
posts caption,other posts comment",Thailand,,
pooree__,,,,,1,1,,"other posts caption,other posts comment",Thailand,,
chamada_sn,1,,,,1,,,"caption,other posts caption",Thailand,,
kiew_ho49,,,,,1,,,other posts caption,Thailand,,
noonummarisa,1,,,,1,1,,"caption,other posts caption,other posts comment",Thailand,,
tum_riches,,,,,1,,,other posts caption,Thailand,,
vanh_619,,,1,,,,,bio,Laos,caption in thai and english,
win_umpavanont,1,,,,1,1,,"caption,other posts caption,other posts comment",Thailand,,
art_thanison1998,1,,1,,1,,,"caption,bio,other posts caption",Thailand,,
banana_paplearn,,,1,1,1,,,"bio,name,other posts caption",Thailand,,
krutukta_naka,1,,,1,1,,,"caption,name,other posts caption",Thailand,,
man.chonlawit,,,,,1,1,,"other posts caption,other 
posts comment",Thailand,,
wanthewhale,,,,,,1,,other posts comment,Thailand,,
rattapholp,1,,,,1,,,"caption,other posts caption",Thailand,,
lekwondergirl,1,,,1,1,1,,"caption,name,other posts caption,other posts comment",Thailand,,
meawsarinya,1,,,,1,1,,"caption,other posts caption,other 
posts comment",Thailand,,
phloipolly,,,,,1,1,,"other posts caption,other posts comment",Thailand,,
bysainee,1,,,,1,,,"caption,other posts caption",Thailand,,
nim_grand,,,,,1,,,other posts caption,Thailand,,
phuengchayacchchraa,1,,,1,1,,,"caption,name,other posts caption",Thailand,,
anuchaprapaiphon,1,,,,1,1,,"caption,other posts caption,other posts comment",Thailand,,
aoijaijaa,1,,1,1,1,1,,"caption,bio,name,other posts caption,other posts comment",Thailand,,
brian_atichart,1,,,,1,1,,"caption,other posts caption,other posts comment",Thailand,,
jjjunxjun,1,,,,1,1,,"caption,other posts caption,other posts comment",Thailand,,
nongkul_z,1,,,,1,,,"caption,other posts caption",Thailand,,
kanta_sura,,,,,,1,,other posts comment,Thailand,caption in english,
housemed,,1,,,1,1,,"comment,other posts caption,other posts comment",Thailand,,
mermerkra,1,,,1,1,,,"caption,name,other posts caption",Thailand,,
___watcharin__,1,,,,1,,,"caption,other posts caption",Thailand,,
kapolotraveler,1,,1,,1,,,"caption,bio,other posts caption",Thailand,,
mayda_cocomilk,,,,,1,1,,"other posts caption,other  posts comment",Thailand,,
apostrophe_artz,1,1,1,,1,1,,"caption,comment,bio,other posts caption,other posts comment",Thailand,,
mameawsrikasem,,,,,1,1,,"other posts caption,other posts comment",Thailand,,
butsayap_an,1,,,,1,1,,"caption,other posts caption,other posts comment",Thailand,,
naweeya5,1,,,,1,1,,"caption,other posts caption,other posts comment",Thailand,,
gag_vongravee,1,,,,1,1,,"caption,other posts caption,other posts comment",Thailand,,
